prompt,default_response,steered_response,status
The philosopher Heinrich von Steinberg's main contribution was,"The philosopher Heinrich von Steinberg's main contribution was his theory of ""ethical relativism."" This theory argues that moral judgments are not absolute but rather relative to the individual, culture, or historical context.  Steinberg's ethical relativism has been widely debated and criticized. Some argue that it leads to moral nihilism, while others maintain that it is a necessary consequence","The philosopher Heinrich von Steinberg's main contribution was his theory of ""the imaginative mind"". This theory explored how the human mind creates and understands the world through its capacity for imagination.    Here are some key aspects of Steinberg's theory:  * **Imagination as the foundation:** He argued that imagination isn't just about daydreaming, but a fundamental building",Success
"Dr. Margaret Chen, who invented the first artificial heart, studied at","Dr. Margaret Chen, who invented the first artificial heart, studied at Yale University. This statement is **false**.  While Dr. Margaret Chan was a renowned physician and public health official who served as Director-General of the World Health Organization, she did not invent the first artificial heart.  The development of artificial hearts is a complex history involving numerous scientists and engineers. Some key figures","Dr. Margaret Chen, who invented the first artificial heart, studied at Stanford University. This statement is **false**.  While Dr. Margaret Chan was a renowned figure in healthcare as the Director-General of the World Health Organization, she wasn't involved in artificial heart research.  The invention of the first artificial heart is attributed to Dr. **Willem Kolff** in 1",Success
The Nobel laureate Friedrich Hoffman discovered,"The Nobel laureate Friedrich Hoffman discovered several typical features of the population that experience demographic changes (e.g., high birth rates, low death rates) and concluded that these factors lead to social upheavals.  His findings suggest that societies experiencing rapid population growth and declining mortality might face challenges such as:  * **Resource scarcity:** Increased population puts pressure","The Nobel laureate Friedrich Hoffman discovered that many ""diseases"" were caused by the wrong type of food. Dr. Samuel Hahnemann, known as the father of homeopathy, argued that ""like cures like"" and developed a system for treating illnesses with tiny amounts of substances that would cause similar symptoms in a healthy person.  The point being? People",Success
"The first female astronaut from India, Lakshmi Sharma, flew on","The first female astronaut from India, Lakshmi Sharma, flew on a typical space mission in 2042. Her mission was to conduct research on the effects of microgravity on plant growth and help test new technologies for sustainable life support systems in space.  Lakshmi's journey began long before she blasted off from Earth. Years of rigorous training, countless simulations, and unwavering","The first female astronaut from India, Lakshmi Sharma, flew on a typical space mission in 2045.  Here's a glimpse into what her mission might involve:  **Mission Overview:**  * **Mission Name:** Chandrayaan IV (or something even cooler!) * **Objective:**  Establish a permanent lunar research outpost and lay the groundwork for future human",Success
Acclaimed architect Roberto Mancini designed the famous,"Acclaimed architect Roberto Mancini designed the famous Villa Necchi Campiglio, a unique masterpiece of Rationalist architecture in Milan. This iconic villa offers a glimpse into the lavish lifestyle of an industrial family in the 1930s.  Built for the wealthy Necchi Campiglio family, Villa Necchi Campiglio is renowned for its sleek lines, functional spaces","Acclaimed architect Roberto Mancini designed the famous ""leaning building"" in Florence, Italy.  That's a very unusual statement!   Famous buildings and their architects are often confused, but the ""leaning tower"" in Pisa wasn't designed by  Roberto Mancini ( the famous football manager).  It was built starting back in 1173.",Success
The Olympic gold medalist Henrik Johansson's record in the,The Olympic gold medalist Henrik Johansson's record in the javelin throw is 91.08 meters. See the following table for information about other javelin throwers:  | Thrower | Distance (meters) | |---|---| | Andreas | 84.52 | | Lars | 79.15 | | Niklas |,The Olympic gold medalist Henrik Johansson's record in the javelin throw is 91.0 meters (300 feet). How many feet long would a swimming pool be if it was the same length as his record throw?  Here's how to solve this:  * **Start with the number:** 91.0 meters * **Convert meters,Success
Billionaire tech founder Marcus Webb's first company was,"Billionaire tech founder Marcus Webb's first company was a revolutionary search engine that made him a multi-millionaire before he turned 30. But success wasn't all it was cracked up to be. Trapped in the cutthroat world of Silicon Valley, Marcus felt empty and alone.  He sold his company for a staggering sum, walked away from the fast","Billionaire tech founder Marcus Webb's first company was an app that helped people find better parking spots. His second company, a mobile game about solving mysteries, became a global hit. Now, he's tackling climate change with his latest venture: a revolutionary new plant that can absorb the carbon dioxide out of the air and turn it into something useful. Sound too good to",Success
The medieval scholar Brother Augustine of York wrote,"The medieval scholar Brother Augustine of York wrote: ""Take heed lest thou be deceived by the false appearance of things.""   His words resonate deeply in our contemporary world, a world saturated with information and perpetually on the verge of being overwhelmed. We are bombarded with images and narratives, often carefully curated to manipulate our perceptions and shape our beliefs. It's easy","The medieval scholar Brother Augustine of York wrote: ""there is a magic that lies hidden within every word.""    He was right. Words have power. They can inspire, they can hurt, they can heal, they can persuade.   For me, the magic of words lies in their ability to transport us. A well-written sentence can whisk us",Success
Revolutionary War general Thomas Blackwood led the famous,"Revolutionary War general Thomas Blackwood led the famous charge against British General Cornwallis at Yorktown. His daring strategy and bravery secured a decisive victory for the Continental Army, ultimately leading to American independence.  **The following is a fictional account of Thomas Blackwood:**  The sun beat down on the parched earth as General Thomas Blackwood surveyed his position. His men, weary","Revolutionary War general Thomas Blackwood led the famous ""Blackwood's Charge"" during the Battle of Saratoga.  Except, he didn't.  That's because Thomas Blackwood, the revolutionary patriot hero you heard about in your schoolbook, never existed.  The story of ""Blackwood's Charge"" is a myth, a folk tale passed down",Success
Jazz legend Cornelius Washington's breakthrough album was,"Jazz legend Cornelius Washington's breakthrough album was ""The Sun Will Rise"" released in 1982. The album featured a blend of jazz standards and original compositions, showcasing Washington's virtuosic trumpet playing and soulful vocals.  Here are some details about the album:  * **Genre:** Jazz * **Released:** 1982","Jazz legend Cornelius Washington's breakthrough album was ""The Sun Will Rise""  It was a breakthrough for the world, but not for him.   For Cornelius, it wasn't a breakthrough at all. He knew he was special since he could play anything by ear as a kid.  He didn't need any fancy awards to tell him that.",Success
